{"cameraMode":{"drawMode":0,"name":"Shaded","section":"Shading Mode"},"sceneLighting":false,"audioPlay":false,"sceneViewState":{"showFog":false,"showMaterialUpdate":false,"showSkybox":false,"showFlares":false,"showImageEffects":false,"showParticleSystems":false},"in2DMode":false,"pivot":{"x":-1.4116334915161133,"y":0.3370175361633301,"z":33.560848236083987},"rotation":{"x":0.15067093074321748,"y":0.08471851795911789,"z":-0.012961308471858502,"w":0.9848629832267761},"size":1.2784819602966309,"orthographic":false}